,coil[8],coil[10],foam_material[H870],foam_material[Poron],foam_thickness[2.39],metal[aluminum],metal[ss mesh]
coil[8],0.9999999999999997,0.5652173913043476,9.676710696495356e-19,0.06732371642558335,7.029377080723242e-18,9.676710696495356e-19,0.06732371642558334
coil[10],0.5652173913043476,1.0,9.676710696495356e-19,0.06732371642558334,7.029377080723242e-18,9.676710696495356e-19,0.06732371642558334
foam_material[H870],9.676710696495356e-19,9.676710696495356e-19,0.9999999999999999,0.5198752449100364,0.11952286093343936,0.14285714285714288,0.07426789213000519
foam_material[Poron],0.06732371642558335,0.06732371642558334,0.5198752449100364,1.0000000000000002,0.06213697660012001,0.07426789213000519,0.07335907335907337
foam_thickness[2.39],7.029377080723242e-18,7.029377080723242e-18,0.11952286093343936,0.06213697660012001,1.0000000000000002,0.11952286093343938,0.06213697660012001
metal[aluminum],9.676710696495356e-19,9.676710696495356e-19,0.14285714285714288,0.07426789213000519,0.11952286093343938,0.9999999999999999,0.5198752449100363
metal[ss mesh],0.06732371642558334,0.06732371642558334,0.07426789213000519,0.07335907335907337,0.06213697660012001,0.5198752449100363,1.0000000000000004
