,coil,foam_material,foam_thickness,metal
base N=18 [ME],0.8666666666666667,0.8683333333333333,0.9616666666666667,0.85
base+2rep N=20 [ME],0.905,0.9316666666666666,0.985,0.9266666666666666
all-new (+7) N=25 [+int],0.88,0.8566666666666667,0.785,0.8766666666666667
7new+0rep N=25 [+int],0.88,0.8566666666666667,0.785,0.8766666666666667
from-scratch N=25 [+int],0.8466666666666667,0.8483333333333334,0.77,0.84
