,coil,foam_material,foam_thickness,metal
base N=20,0.0,0.0,0.0,0.0
augmented N=25,0.36333333333333334,0.40166666666666667,0.21333333333333335,0.36333333333333334
augmented+3rep N=28,0.6066666666666667,0.63,0.4,0.6566666666666666
from-scratch N=28,0.6983333333333334,0.6983333333333334,0.39,0.7116666666666667
