,coil,foam_material,foam_thickness,metal
Taguchi L18,0.475,0.8245614035087719,0.8220551378446115,0.849624060150376
Taguchi L25,0.755,0.949874686716792,0.9674185463659147,0.9573934837092731
Taguchi L25 +int,0.495,0.7167919799498746,0.7418546365914787,0.656641604010025
D-opt 20,0.5725,0.8872180451127819,0.8822055137844611,0.8696741854636592
D-opt 25 ME +3rep,0.7675,0.9473684210526315,0.9724310776942355,0.9573934837092731
D-opt 22 +int,0.435,0.5789473684210527,0.5112781954887218,0.8295739348370927
D-opt 25 +int +3rep,0.5725,0.7368421052631579,0.6666666666666666,0.9147869674185464
